Date, 1, 2, 3, 4, 5, 6, 7, 8, 9, 10, 11, 12, 13, 14, 15, 16, 17, 18, 19, 20, 21, 22, 23, 24, 25, 26, 27, 28, 29, 30, 31, 32, 33, 34, 35, 36, 37, 38, 39, 40, 41, 42, 43, 44, 45, 46, 47, 48, 49, 50, 51, 52, 53, 54, 55, 56, 57, 58, 59, 60, 61, 62, 63, 64, 65, 66
2000-01-31,.7283,.7370,.7247,.7245,.7252,.7244,.7194,.7284,.7292,.7278,.7272,.7248,.7257,.7291,.7291,.7307,.7307,.7301,.7307,.7307,.7320,.7307,.7311,.7320,.7321,.7228,.7197,.7132,.7232,.7146,.7144,.7139,.7237,.7203,.7175,.7159,.7161,.7615,.7636,.7335,.7313,.7257,.7261,.7205,.7268,.7213,.7469,.7490,.7313,.7271,.7163,.7220,.7271,.7234,.7978,.7608,.7379,.7563,.7186,.7176,.7176,.7174,.7280,.7269,.7265,.7290
2000-02-29,1.1731,.8545,.9268,.9992,1.1599,.7791,1.1034,.9655,.9660,1.2658,.8158,.9247,.7591,1.0671,.8973,1.2730,.8179,.9509,1.0449,.8623,1.2481,.8067,1.0175,1.1319,1.0397,.6893,.6229,.6237,.8474,.6866,.5692,.5940,.9673,.6985,.6802,.5677,.5937,1.1238,.8657,.7649,.6346,.5706,.6090,.6307,.6230,.7104,.6512,.6180,.5818,.5913,.7715,.7409,.6793,.7067,.8279,.6822,.6009,.6708,.6823,.7255,.6416,.7581,.6303,.6105,.5873,.6348
2000-03-31,.5259,.4957,.4563,.4546,.5115,.4673,.4775,.4888,.4989,.5153,.4647,.5153,.4223,.5054,.5517,.5520,.4699,.5385,.5416,.5263,.6242,.4939,.5839,.5950,.5413,.4182,.4089,.3972,.4879,.4269,.3964,.4002,.4834,.4426,.4065,.3981,.4004,.5706,.5216,.4356,.4233,.4062,.4092,.4024,.4106,.4077,.4465,.4448,.4136,.4095,.4048,.4104,.4138,.4106,.5532,.4693,.4266,.4605,.4031,.4041,.4001,.4052,.4141,.4108,.4090,.4149
2000-04-30,.8073,.4498,.6820,.7180,.8101,.4495,.7357,.6673,.6750,.9333,.3814,.7480,.2924,.7875,.7425,.9646,.4537,.7667,.8384,.6923,1.1184,.5442,.8831,1.0217,.9567,.5766,.4393,.3949,.6832,.5086,.2920,.3448,.8800,.4579,.5101,.2920,.3493,.8744,.4666,.6809,.4339,.5198,.4670,.5799,.4838,.7172,.7598,.5695,.3893,.5636,1.1013,.8704,.6738,.7750,.9940,.6608,.4366,.6331,.6138,.7640,.5568,.9156,.5171,.5246,.4460,.6323
2000-05-31,.4308,.2703,.7742,.8615,.4071,.2523,.3703,.6727,.8263,.4912,.2077,.7950,.1746,.8634,.7702,.5553,.2401,.8154,.9195,.6794,.7520,.3579,.9852,1.1266,.9150,.5200,.4427,.3906,.7275,.5115,.3463,.3672,.8161,.2873,.5447,.3692,.4026,.5589,.2683,.7558,.5169,.5464,.5084,.4988,.4656,.6024,.8267,.6411,.4837,.6277,.8437,.7231,.6310,.6770,.9678,.7212,.5748,.6992,.6585,.6794,.5736,.7262,.6306,.5675,.5022,.6386
2000-06-30,.2198,.1610,4.1638,.2162,.1734,.1503,.1763,.2517,.3571,.1948,.1299,6.1901,.1075,.2435,7.7098,.2070,.1463,4.3718,.2681,7.2188,.3017,.1907,5.0916,.2937,6.0398,6.1370,5.4607,5.1185,6.8897,5.7841,4.5828,4.7608,.3366,.1731,4.8918,4.3681,4.5513,.2154,.1628,4.8976,4.4737,6.0614,6.8017,6.8939,6.8509,8.1167,8.4731,7.0694,6.5389,7.9717,9.5551,9.0675,8.0956,8.5778,8.0273,7.2907,6.8229,7.2594,8.8545,9.0350,8.0963,9.1436,7.9164,7.3756,6.7484,7.8796
2000-07-31,.8587,.1102,3.3262,2.3428,.1223,.1021,.1186,3.1387,2.9592,.1378,.0877,3.2511,.0706,2.3081,2.2282,.1477,.1012,4.6421,2.2856,2.2177,1.7629,.1354,5.5570,3.0248,4.5320,1.7110,1.4274,1.3702,2.2122,1.6383,1.1368,1.1921,3.6568,.7359,1.4473,1.0934,1.1605,2.6151,.1123,1.6334,1.2506,1.3153,1.0733,1.2687,1.0604,1.3942,1.7048,1.2825,.9822,1.2798,1.6564,1.4897,1.2627,1.3685,1.7063,1.2636,1.0334,1.2211,1.2696,1.2777,1.0528,1.3781,1.1364,1.0618,.9647,1.1617
2000-08-31,3.2490,.3654,.7379,5.4540,2.6105,.3269,1.3788,1.9327,5.4117,1.8797,.0565,.9464,.0445,5.9144,.8933,1.7387,.0667,.9010,6.3817,.9001,5.3739,.4939,1.3394,6.1464,1.7684,1.1376,.9428,.7587,1.2920,.8163,.7143,.6757,1.8541,.9897,.8093,.7227,.7476,1.8015,.5774,.9175,.8454,1.1069,.7382,.9671,.7167,1.0293,1.3639,.9525,.6965,.9492,1.4228,1.1114,.8602,.9797,1.5825,.9393,.6973,.8354,.9248,.9748,.8270,1.0781,.8216,.7830,.7047,.8273
2000-09-30,1.0963,.3116,2.6865,4.6417,.8821,.3247,.9282,2.0074,4.0806,1.2594,.0494,3.3763,.0273,5.3736,3.5824,2.1169,.0423,3.4521,5.8970,3.5463,4.7580,.7114,4.0612,6.8521,4.2591,3.3665,3.0312,2.8383,3.6685,3.0648,2.6358,2.6946,1.9726,.6954,2.9348,2.6156,2.6903,1.8116,.3605,3.1831,2.8827,3.3723,3.3461,3.3976,3.2407,3.7245,4.2376,3.6532,3.2746,3.7686,4.2721,3.9419,3.5512,3.7392,4.3026,3.6192,3.1241,3.5408,3.4690,3.6080,3.1465,3.7821,3.3259,3.2459,3.0762,3.4597
2000-10-31,.3740,.1592,.5450,.9901,.3164,.2298,.3163,.4474,.8778,.9114,.4416,.6651,.0179,1.2911,.6484,2.9783,.9622,.7333,1.5524,.7235,1.3311,1.4165,.9102,2.4419,1.3060,.9769,.9246,.7585,1.0513,.7266,.8336,.7608,.7251,.3996,.8313,.8775,.8727,.4911,.1854,.9383,1.0131,1.1787,.9390,1.0194,.8590,1.0283,1.2245,1.0181,.8409,.9574,1.2999,1.0442,.8831,.9684,1.2861,.8875,.6681,.8355,.9371,.9644,.8043,1.0601,.8109,.8230,.8020,.8331
2000-11-30,.5601,.1666,.5204,.8969,.4087,.1648,.3931,.4353,.7447,.5389,.0756,.6037,.0109,.9615,.5129,.7209,.1552,.6344,1.0793,.5713,1.2236,.5033,.8339,1.3959,1.0784,.6230,.5070,.4063,.7174,.4539,.3517,.3496,.7899,.4139,.5081,.3600,.3830,.5681,.1782,.6062,.4293,.4841,.5252,.6008,.4830,.6399,.6864,.5192,.4146,.5203,.8916,.6870,.5456,.6200,.8655,.5754,.4016,.5143,.5998,.6378,.4901,.7124,.5072,.4554,.4225,.4952
2000-12-31,.1952,.0823,.2526,.4665,.1554,.0864,.1221,.2134,.4214,.2026,.0961,.3071,.0126,.5318,.2936,.3207,.1340,.3406,.6015,.3323,.5569,.2843,.4254,.7103,.5010,.3147,.2704,.2390,.3697,.2633,.2218,.2242,.2635,.1850,.2504,.2197,.2272,.2294,.0969,.2719,.2422,.2879,.2899,.2978,.2687,.3300,.4005,.3185,.2624,.3114,.4161,.3520,.3023,.3281,.4704,.3234,.2526,.3070,.3285,.3285,.2823,.3482,.2964,.2737,.2558,.2901
2001-01-31,.6609,.2439,.5799,.7432,.6687,.2303,.5836,.6284,.7464,.6368,.2288,.6109,.4514,.8086,.6032,.7490,.2675,.6787,.8487,.6768,.8925,.3498,.6940,.9259,.7745,.3717,.2493,.3590,.5220,.4110,.2043,.2659,.6251,.2672,.3601,.1936,.1894,.5426,.2162,.3360,.1794,.1811,.1822,.1874,.1689,.2076,.2542,.2012,.1649,.1956,.2622,.2214,.1899,.2063,.3009,.2044,.1585,.1936,.2063,.2066,.1772,.2192,.1860,.1718,.1606,.1822
2001-02-28,.0983,.0527,.1128,.1920,.0820,.0502,.0691,.0997,.1753,.0941,.0457,.1305,.0255,.2145,.1240,.1431,.0694,.1439,.2411,.1409,.2204,.1187,.1734,.2796,.2004,.1248,.1039,.0968,.1498,.1104,.0857,.0920,.1185,.0842,.1050,.0845,.0898,.1067,.0570,.1088,.0919,.1046,.1063,.1095,.0976,.1200,.1463,.1162,.0953,.1130,.1515,.1280,.1097,.1192,.1749,.1183,.0916,.1120,.1192,.1194,.1024,.1267,.1075,.0993,.0928,.1053
2001-03-31,.4147,.1336,.4638,.4721,.4157,.1438,.3282,.4126,.4638,.4027,.0880,.4729,.0245,.4869,.4667,.4883,.1197,.4352,.4823,.4682,.6250,.2310,.4890,.5974,.7022,.5703,.5029,.5017,.5650,.5019,.4373,.4574,.5373,.1951,.4917,.4272,.4504,.4517,.1378,.4813,.4248,.5075,.3669,.4775,.3566,.4378,.4616,.3868,.3024,.3359,.4759,.3714,.2754,.3301,.3772,.2166,.1284,.1863,.2069,.2538,.1691,.3367,.1593,.2201,.2417,.2093
2001-04-30,.2940,.0848,.4088,.4453,.2869,.0891,.1522,.4114,.4485,.3307,.0945,.4399,.0950,.5221,.4194,.3920,.1077,.4861,.5562,.4161,.6568,.1983,.5261,.6470,.6295,.3643,.3089,.2757,.4601,.2895,.2395,.2350,.4495,.1822,.2666,.2274,.2415,.3771,.0777,.2698,.2326,.3516,.3555,.3348,.2776,.3426,.5166,.3614,.2978,.4041,.4921,.3712,.3037,.3347,.5309,.3274,.2192,.3074,.3101,.2950,.2108,.3474,.3279,.2669,.2373,.2903
2001-05-31,.8157,.1683,1.5394,1.7784,.6648,.1521,.4719,1.5259,1.7693,.6876,.0412,1.9680,.0171,2.0751,1.9406,1.0395,.0459,2.0711,2.0899,1.7019,1.7341,.4731,2.6445,2.7945,2.5465,1.5131,1.2124,.9939,1.8385,1.2421,.8007,.8362,1.7291,.4714,1.0642,.7675,.8413,1.3086,.2014,1.3183,.9930,1.3710,1.1143,1.3971,1.1235,1.6372,1.8962,1.4039,1.0463,1.4930,2.2336,1.9346,1.5420,1.7330,1.9310,1.5933,1.3671,1.5915,1.8654,1.8492,1.4729,1.9181,1.6761,1.4065,1.1812,1.5996
2001-06-30,.2839,.0790,.2616,.3658,.2733,.1097,.1730,.2858,.3050,.4595,.0441,.3870,.0124,.5906,.3930,.5991,.0377,.4378,1.1515,.2830,1.2833,.3195,.6503,1.3082,.4838,.2494,.1881,.1441,.3352,.1814,.1179,.1220,.3875,.1981,.1669,.1137,.1215,.2774,.0718,.2706,.1855,.2830,.2850,.2882,.2584,.3485,.4347,.3171,.2404,.3153,.4323,.3765,.3023,.3382,.4367,.2918,.2092,.2728,.2967,.3200,.2345,.3583,.2738,.2416,.2148,.2677
2001-07-31,.2930,.0701,5.4121,1.1240,.1916,.0851,.1392,1.3850,1.4506,.2533,.0437,6.7485,.0096,1.2481,6.5471,.3441,.0424,5.3184,1.2732,5.9226,.8034,.2426,7.2485,1.6230,7.1292,5.0495,4.4413,4.1502,6.1683,4.8354,3.6902,3.8286,1.4371,.2689,4.2252,3.5612,3.7592,.9961,.0632,4.5576,3.9495,4.9186,4.9920,5.0865,4.8954,5.8595,6.9797,5.5775,4.8940,6.0084,7.0497,6.6207,5.9548,6.2675,6.8937,5.9738,5.4897,5.9419,6.7446,6.5232,5.8517,6.5169,6.1899,5.5873,5.0787,6.0470
2001-08-31,2.0432,.1409,3.1335,4.9650,1.2639,.1747,.5449,4.3374,5.5872,.8298,.0233,3.5335,.0068,5.3500,3.5199,1.0045,.0229,4.4707,5.6539,3.2880,4.2323,.4071,4.7955,5.9918,4.2182,2.7380,2.3659,2.1424,3.4396,2.5353,1.9116,1.9934,5.3169,1.1799,2.3536,1.9097,2.0418,3.4426,.2050,2.6667,2.3389,2.5822,2.1116,2.2655,1.9299,2.3897,3.3060,2.4707,1.9870,2.3819,3.0280,2.5303,2.1609,2.3399,3.3448,2.3720,1.9428,2.2895,2.6904,2.4518,2.0825,2.5186,2.4814,2.1404,1.9630,2.2616
2001-09-30,1.8567,.4932,1.0710,4.7026,2.0386,.6336,1.7130,1.0074,3.6111,2.7041,.0171,1.2805,.0046,5.5630,1.2263,3.5411,.0163,1.2415,6.1668,1.1252,4.9906,1.1885,1.6273,7.3785,1.8934,1.2520,1.1206,1.0174,1.5407,1.1081,.9685,.9670,.7485,.7117,1.1214,1.0133,1.0444,1.0147,.4833,1.2913,1.1834,1.2661,1.1967,1.1606,1.0171,1.2061,1.5739,1.2416,1.0299,1.1811,1.5936,1.2945,1.1201,1.2056,1.6750,1.1988,.9767,1.1603,1.3293,1.1866,1.0314,1.2534,1.2497,1.0640,1.0021,1.1278
2001-10-31,.7718,.2591,.9010,1.2064,.6663,.2352,.5979,.7788,1.1037,.7556,.6917,.9987,.0084,1.2646,.9544,1.5068,.9858,1.0117,1.3756,.9246,1.3283,.9262,1.2316,1.8811,1.3154,.8007,.6994,.6355,1.0677,.7738,.6146,.6267,1.1067,.5189,.8180,.6524,.7043,.8583,.1765,.9200,.7869,.8426,.6600,.6492,.5618,.7177,1.0290,.7679,.5925,.7294,.9521,.7851,.6658,.7242,1.1714,.7505,.5908,.7203,.7978,.7198,.6074,.7541,.7111,.6196,.5681,.6700
2001-11-30,.4066,.1748,.4410,.6909,.2796,.1636,.2459,.3621,.6033,.3052,.1080,.5079,.0041,.7219,.4779,.4531,.1580,.5139,.8137,.4652,.9399,.4327,.6954,1.1330,.8912,.4673,.3794,.3292,.6123,.3950,.2944,.3069,.6390,.3621,.3896,.2968,.3128,.4882,.1667,.4943,.3732,.3957,.3719,.3654,.3236,.4026,.5566,.4142,.3284,.3974,.5244,.4420,.3788,.4096,.6259,.4261,.3434,.4119,.4731,.4254,.3698,.4353,.4363,.3614,.3303,.3858
2001-12-31,.2100,.1169,.2833,.4412,.1706,.0990,.1336,.2363,.3982,.2148,.1068,.3326,.0035,.4881,.3136,.2962,.1234,.3413,.5492,.3105,.4789,.2588,.4281,.6783,.4514,.2771,.2397,.2198,.3611,.2542,.1977,.2045,.3016,.1947,.2366,.1967,.2087,.2686,.1327,.2649,.2276,.2544,.2482,.2415,.2150,.2678,.3691,.2765,.2179,.2633,.3477,.2928,.2503,.2714,.4278,.2853,.2268,.2749,.3118,.2811,.2434,.2881,.2871,.2385,.2185,.2549
2002-01-31,.4100,.2487,.2782,.4183,.4042,.1897,.3333,.3203,.4200,.5003,.2055,.2847,.3180,.5302,.2460,.4039,.1784,.3629,.5012,.3464,.3505,.2140,.2794,.4435,.3014,.1733,.1493,.1366,.2384,.1651,.1227,.1280,.3612,.2061,.1667,.1238,.1349,.3855,.2199,.1961,.1486,.1588,.1536,.1499,.1339,.1676,.2318,.1738,.1365,.1651,.2183,.1840,.1572,.1706,.2723,.1800,.1425,.1732,.1956,.1762,.1527,.1807,.1802,.1492,.1364,.1599
2002-02-28,.2666,.1633,.1461,.2349,.2500,.1307,.1860,.1632,.2258,.2988,.1414,.1512,.1541,.2829,.1371,.2851,.1305,.2217,.2969,.2142,.2825,.1309,.1867,.3382,.1898,.0997,.0856,.0780,.1827,.0952,.0702,.0727,.2001,.1220,.0941,.0709,.0773,.2050,.1402,.1097,.0855,.0916,.0886,.0865,.0773,.0966,.1340,.1005,.0788,.0954,.1261,.1062,.0908,.0984,.1580,.1041,.0823,.1002,.1130,.1017,.0882,.1043,.1041,.0862,.0788,.0924
2002-03-31,.2295,.0958,.2549,.2712,.1660,.0506,.1330,.1752,.2190,.2320,.0864,.2717,.2085,.2783,.2670,.3732,.1148,.2636,.3243,.2656,.4260,.1944,.3119,.4218,.4216,.2626,.2375,.2297,.3308,.2671,.2115,.2304,.3558,.1412,.2896,.2246,.2476,.2730,.0931,.3234,.2777,.2723,.1265,.1581,.1017,.1392,.2600,.2006,.1244,.1405,.2162,.1482,.1134,.1318,.2567,.1427,.0836,.1287,.1786,.1456,.1146,.1580,.1634,.1302,.1172,.1318
2002-04-30,.5698,.1968,.4131,.4561,.4646,.1495,.3969,.3416,.3901,.5350,.0745,.4154,.0257,.4293,.3676,.5693,.0971,.3736,.4739,.3073,.7412,.2894,.4839,.6279,.6391,.3190,.3021,.2476,.4964,.3154,.2918,.2854,.6551,.2406,.3855,.3173,.3271,.6754,.1990,.5864,.4327,.4188,.2332,.2226,.1834,.1978,.4402,.3085,.2146,.2146,.2349,.2019,.1831,.1914,.4691,.2312,.1735,.2187,.1446,.1452,.1185,.1730,.1356,.1686,.1759,.1795
2002-05-31,1.9938,.3059,3.5049,3.0646,.8995,.2859,.8254,2.7909,2.7887,.9530,.0926,3.8732,.0191,2.7265,3.7512,1.1706,.2245,3.6707,2.7611,3.4253,3.3513,.5185,4.6595,3.3953,4.6107,3.3731,2.9786,2.5458,3.7819,2.9219,2.3790,2.4294,3.8696,.8065,2.8249,2.3930,2.4920,2.5810,.3350,3.3497,2.8418,3.8734,3.7416,3.8939,3.6611,4.4879,5.4286,4.3631,3.7040,4.6410,5.5124,5.0830,4.5140,4.7878,5.5284,4.7073,4.1958,4.6539,4.6652,4.7672,4.1723,4.9422,4.4596,4.1602,3.7736,4.5663
2002-06-30,1.7476,.3052,3.4332,3.4506,1.1552,.2472,.7595,2.8403,3.6111,.9648,.0360,4.1603,.0129,3.6733,4.5481,.9588,.0697,4.2354,3.6826,4.2874,2.8037,.3208,4.8113,3.7319,5.1038,4.3821,4.0623,3.7336,4.9455,3.9328,3.5470,3.5615,2.9686,.9050,3.6370,3.4592,3.5429,2.6923,.3368,3.8058,3.6539,4.8503,5.5918,5.1609,5.1005,5.8333,6.8201,5.4678,5.0869,6.0005,7.3571,6.4890,6.0028,6.2250,6.9699,6.0316,5.8109,6.0476,6.8597,6.4291,6.0124,6.4928,6.4737,5.6944,5.3083,6.1610
2002-07-31,.9037,.1798,2.8112,2.2840,.4638,.1428,.2394,1.2259,2.1659,.2085,.0305,3.4787,.0091,2.4448,3.8038,.2368,.0663,2.8603,2.7435,3.7072,2.9576,.2716,3.5675,3.4061,4.0847,3.2658,2.9318,2.7937,3.8253,3.2069,2.5889,2.7107,1.3878,.6986,3.0852,2.5818,2.7289,.9262,.2139,3.4693,2.9459,3.3677,3.0687,3.1086,2.9390,3.5413,4.4442,3.6240,3.0928,3.7136,4.2759,4.0091,3.6056,3.7974,4.4403,3.8159,3.4646,3.7808,3.8593,3.8070,3.4346,3.8563,3.6076,3.4156,3.1440,3.7052
2002-08-31,2.6217,.3295,3.3071,5.5536,1.2210,.2727,.7884,3.8822,5.5695,.7739,.0234,3.6717,.0060,6.0370,3.5618,.2275,.0540,4.4122,6.3150,3.3846,6.0230,.2201,5.1529,7.8052,4.4707,2.9466,2.4056,2.0960,3.5150,2.5885,1.7492,1.8244,4.0992,1.5441,2.2299,1.6319,1.8005,3.8084,.3768,2.3974,1.9357,2.7545,2.1523,2.6304,2.1326,3.0631,4.1525,3.0490,2.2217,3.2618,3.9530,3.5489,2.8962,3.2017,4.2836,3.3780,2.6369,3.2818,3.3204,3.3871,2.7194,3.4638,3.0644,2.7810,2.3390,3.2005
2002-09-30,1.8250,.5405,1.3585,2.7545,2.4101,.5566,2.1071,1.2585,2.4437,2.9607,.0165,1.5455,.0039,3.6188,1.4051,4.7347,.0394,1.6936,4.1528,1.5831,4.1544,1.6843,1.9113,4.3878,2.0230,1.1872,.9686,.8787,1.4958,1.0909,.7384,.7953,1.3702,.7488,1.0434,.7242,.7899,1.2703,.6509,1.1674,.8180,.8593,.7875,.8533,.7340,.9439,1.2086,.9225,.7497,.9380,1.2203,1.0494,.9038,.9705,1.3441,.9981,.8452,.9770,1.0572,1.0286,.8763,1.0559,.9839,.8560,.7743,.9367
2002-10-31,.6709,.2876,.7628,1.1102,.5214,.3204,.5059,.6447,.9945,.7754,.5757,.8855,.0026,1.2079,.8328,3.1526,.9380,.9407,1.3425,.9035,1.8079,1.5125,1.2229,1.8060,1.5416,.9282,.7996,.7209,1.0952,.7882,.6454,.6590,.9903,.6195,.7474,.6299,.6630,.7804,.3056,.7886,.6835,.8250,.6364,.7332,.5930,.7671,1.0013,.8023,.6146,.7781,.9532,.7918,.6819,.7353,1.0474,.7774,.6397,.7565,.8910,.8119,.7184,.7919,.8247,.6729,.5961,.7248
2002-11-30,.4182,.1859,.4333,.6926,.3274,.1808,.2912,.3887,.6229,.3447,.0917,.4959,.3337,.7448,.4616,.6327,.2735,.5513,.8372,.5255,1.1196,.5536,.7332,1.1230,.8802,.4631,.3869,.3379,.6188,.4011,.3020,.3146,.6431,.4271,.3716,.2943,.3141,.4750,.2071,.4179,.3326,.4078,.3729,.3978,.3531,.4536,.5945,.4648,.3657,.4633,.5702,.5060,.4349,.4695,.6754,.5033,.4090,.4888,.4971,.4888,.4255,.4981,.4606,.4172,.3742,.4574
2002-12-31,.3999,.2129,.3486,.5157,.2899,.1624,.2611,.2704,.4351,.2872,.1120,.3510,.0468,.5437,.3099,.4122,.1732,.3655,.5571,.3525,.6601,.3817,.4545,.6820,.5719,.3181,.2653,.2506,.4161,.3153,.2135,.2460,.4623,.3129,.3044,.2117,.2424,.3923,.2099,.3089,.2273,.2726,.2508,.2656,.2350,.3014,.3955,.3097,.2432,.3067,.3828,.3361,.2899,.3123,.4589,.3377,.2746,.3282,.3406,.3260,.2845,.3314,.3164,.2780,.2496,.3054
2003-01-31,.7455,.3108,.6182,.7565,.7418,.2812,.6926,.6450,.7276,.8451,.2919,.6911,.3036,.8962,.6552,.9701,.3467,.7800,.9486,.7347,1.0615,.4473,.7648,1.0283,.8266,.4142,.3116,.3450,.5573,.4415,.2112,.2795,.6222,.3059,.3506,.1840,.2138,.5721,.2679,.2962,.1691,.1733,.1773,.1973,.1595,.2170,.2572,.1983,.1561,.1974,.2615,.2254,.1901,.2071,.2984,.2144,.1733,.2080,.2157,.2101,.1814,.2189,.1982,.1769,.1592,.1940
2003-02-28,.1743,.1066,.1255,.1886,.1396,.0849,.1234,.1198,.1770,.1638,.0782,.1424,.0264,.2124,.1317,.1850,.0969,.1582,.2308,.1511,.2565,.1542,.1863,.2722,.2063,.1231,.1021,.0939,.1512,.1111,.0801,.0862,.1403,.1076,.1007,.0770,.0830,.2189,.1120,.1086,.0854,.0999,.0943,.1004,.0886,.1137,.1470,.1144,.0900,.1137,.1421,.1256,.1083,.1168,.1712,.1237,.0999,.1200,.1236,.1208,.1044,.1236,.1139,.1019,.0917,.1117
2003-03-31,.1023,.0642,.0978,.1394,.0919,.0593,.0747,.1001,.1406,.1041,.0538,.1141,.0221,.1683,.1071,.1457,.0743,.1390,.1778,.1722,.1926,.1184,.1386,.2001,.1549,.0893,.0727,.0681,.1124,.0827,.0571,.0625,.1064,.0822,.0730,.0547,.0594,.1089,.0658,.0780,.0594,.0698,.0653,.0697,.0612,.0791,.1026,.0801,.0627,.0793,.0993,.0875,.0751,.0812,.1201,.0869,.0701,.0843,.0859,.0840,.0730,.0860,.0794,.0713,.0640,.0782
2003-04-30,.1439,.0676,.1296,.1441,.1327,.0565,.1203,.1235,.1500,.1402,.0308,.1430,.0181,.1607,.1470,.1679,.0483,.1509,.1684,.1623,.2104,.0996,.1570,.1883,.1849,.1004,.0884,.1050,.1460,.1154,.0829,.0926,.1573,.0771,.1167,.0836,.0886,.1616,.0660,.1345,.1042,.0824,.1032,.0889,.0837,.1056,.1128,.0821,.0605,.0619,.1328,.1041,.0834,.0937,.1215,.0585,.0466,.0562,.0612,.0669,.0505,.0878,.0552,.0494,.0525,.0532
2003-05-31,1.1052,.2557,1.8800,1.9570,.9443,.2436,.8107,1.7704,1.8947,.9545,.0775,1.9709,.0106,2.0136,1.9523,1.0961,.1212,1.9999,2.1372,1.9070,1.5928,.3657,2.1784,2.3745,2.2901,1.8343,1.6973,1.6164,2.0064,1.7270,1.5481,1.5760,2.1159,.5718,1.6920,1.5501,1.5915,1.8023,.2627,1.8561,1.7048,1.7978,1.6271,1.7161,1.5921,1.7919,2.0658,1.7841,1.6141,1.7688,2.0772,1.9009,1.7456,1.8188,2.0062,1.7183,1.5909,1.6915,1.9281,1.8626,1.7271,1.8804,1.8315,1.7230,1.6319,1.7836
2003-06-30,2.1155,.3614,2.3205,2.6137,1.5290,.2748,1.2062,2.4980,2.5968,1.3454,.0301,2.6357,.0062,2.9730,2.6074,1.7229,.0411,2.7827,3.2944,2.3047,3.2492,.7215,3.3355,3.7697,2.6641,1.5371,1.2689,1.1700,2.1977,1.5719,.9874,1.0779,2.3828,.8514,1.2655,.9384,1.0368,2.1245,.3992,1.4162,1.1035,1.2040,1.0778,1.1658,1.0131,1.3752,1.7660,1.2765,1.0603,1.3315,1.8312,1.6387,1.3900,1.5040,1.6859,1.3672,1.2777,1.3889,1.7862,1.6398,1.3991,1.5935,1.6193,1.3594,1.1522,1.5022
2003-07-31,1.0628,.3013,1.9312,2.1040,.9284,.2777,.7835,1.3711,2.2372,.9711,.0250,2.4390,.0042,2.2628,2.5714,1.2777,.0371,2.2520,2.4599,2.5523,1.8161,.5612,2.5191,2.6766,2.7012,1.9758,1.7682,1.7696,2.2685,1.9962,1.5336,1.6242,1.4116,.5824,1.7444,1.4628,1.5232,1.2340,.2971,1.7409,1.4519,1.5719,1.5705,1.7401,1.6030,1.9714,1.9401,1.6186,1.4384,1.7088,2.2559,2.1152,1.8244,1.9680,1.9293,1.6230,1.4304,1.5985,1.7263,1.8737,1.5893,2.0206,1.5501,1.5504,1.4619,1.6486
2003-08-31,.3460,.1703,.4356,.7450,.2931,.1630,.2519,.3977,.6718,.2886,.0807,.5339,.0028,.8602,.5188,.4193,.0673,.5181,.9124,.5190,.5523,.3563,.5923,.9395,.6351,.3977,.3491,.3372,.5279,.3927,.2991,.3160,.4453,.3177,.3565,.2893,.3047,.4040,.1768,.4113,.3152,.3251,.3364,.3381,.3023,.3770,.4604,.3431,.2915,.3414,.4985,.4125,.3560,.3834,.4717,.3487,.3051,.3442,.4297,.3916,.3427,.4020,.3871,.3310,.3044,.3512
2003-09-30,.6886,.2159,1.0316,1.1719,.6274,.2015,.5030,1.1063,1.2241,.6805,.0341,1.3124,.0017,1.4729,1.2492,.9075,.1027,1.4168,1.6544,1.3023,1.5291,.5058,1.5092,1.8196,1.5381,.7824,.6246,.6512,1.1200,.7883,.4471,.5098,.7894,.3909,.5869,.3846,.4044,.7716,.2083,.5404,.3571,.3881,.3408,.4476,.3164,.5027,.5278,.3695,.2591,.3851,.7472,.6012,.4676,.5354,.6153,.4281,.3554,.4317,.6624,.6270,.5056,.6317,.5767,.4079,.3272,.4494
2003-10-31,.2233,.1177,.2730,.3551,.1894,.1044,.1666,.2550,.3378,.2080,.0228,.3237,.0012,.3858,.3089,.2760,.0431,.3372,.4437,.3258,.4886,.2736,.3910,.5454,.4445,.2462,.2142,.2090,.3323,.2443,.1777,.1901,.3048,.2282,.2103,.1689,.1768,.2511,.1161,.2152,.1743,.1792,.1831,.1965,.1717,.2208,.2552,.1945,.1591,.1912,.2849,.2427,.2060,.2240,.2835,.2039,.1710,.1996,.2760,.2362,.2047,.2392,.2614,.1933,.1741,.2041
2003-11-30,.8090,.2953,.7411,.8077,.8569,.3023,.7548,.8135,.8572,1.0087,.1200,.8060,.1855,.9332,.7572,.9535,.1206,.8560,.9669,.8100,.9272,.3743,.8167,.9226,.8659,.4770,.4040,.4612,.6823,.5717,.3738,.4326,.8121,.3404,.5210,.3619,.3907,.8009,.2997,.4626,.2954,.2157,.2612,.2907,.2414,.3113,.2777,.2091,.1813,.2214,.3940,.3257,.2707,.3003,.3399,.2503,.2051,.2490,.3305,.3185,.2656,.3370,.2879,.2377,.2195,.2528
2003-12-31,.1561,.0999,.1571,.1922,.1313,.0842,.1142,.1476,.1822,.1694,.0566,.1804,.0117,.2163,.1666,.1790,.0484,.1854,.2352,.1809,.2536,.1702,.2020,.2621,.2950,.1295,.1099,.1061,.1834,.1354,.0887,.0970,.2160,.1542,.1200,.0847,.0945,.1694,.1045,.1154,.0841,.0811,.0838,.0910,.0786,.1020,.1133,.0873,.0713,.0856,.1313,.1116,.0940,.1028,.1325,.0936,.0774,.0919,.1128,.1076,.0922,.1110,.1010,.0855,.0775,.0907
2004-01-31,.2397,.1130,.2208,.2500,.2637,.1157,.2263,.2533,.2782,.3063,.1111,.2254,.1397,.3115,.2154,.2286,.0796,.2445,.2673,.2558,.2022,.1272,.1918,.2132,.1740,.0827,.0704,.0738,.1444,.1316,.0627,.0697,.1845,.1177,.1059,.0651,.0699,.2454,.1223,.0994,.0646,.0529,.0559,.0571,.0497,.0643,.0745,.0561,.0464,.0551,.0845,.0709,.0601,.0656,.0876,.0605,.0498,.0593,.0731,.0686,.0587,.0706,.0651,.0547,.0499,.0580
2004-02-29,.3316,.1899,.1757,.2204,.2888,.1311,.2585,.2074,.2288,.3329,.1268,.1965,.2538,.2911,.1825,.2855,.1064,.2360,.2585,.2280,.1946,.1109,.1506,.1518,.1084,.0513,.0428,.0455,.0951,.0732,.0375,.0476,.1898,.1059,.0581,.0367,.0423,.3667,.1987,.0970,.0412,.0307,.0321,.0339,.0293,.0381,.0432,.0329,.0269,.0322,.0496,.0418,.0353,.0386,.0517,.0356,.0291,.0348,.0427,.0404,.0345,.0416,.0381,.0320,.0291,.0340
2004-03-31,.4006,.1701,.2729,.3162,.3537,.1378,.3168,.2725,.2839,.3633,.1349,.2508,.2103,.3044,.2251,.4005,.1429,.2572,.2971,.2373,.4141,.1744,.2608,.3352,.3438,.1797,.1368,.1199,.2478,.1692,.0962,.1215,.3886,.1494,.2159,.1063,.1373,.4234,.1759,.2646,.1592,.3357,.2094,.2347,.1842,.2890,.4354,.3394,.2297,.3589,.4566,.3495,.2641,.3054,.4499,.3187,.1797,.2975,.2821,.3268,.2281,.3673,.2461,.2570,.2098,.3120
2004-04-30,.7328,.2366,.9906,1.0760,.7797,.2595,.6693,1.0285,1.0387,1.0223,.2209,1.0525,.0344,1.2041,1.0096,1.1303,.2619,1.1065,1.2935,.9416,1.2872,.4247,1.2424,1.4703,1.2124,.7347,.6450,.5701,.9437,.7046,.5687,.5779,1.1790,.2515,.7345,.5879,.6331,.8520,.2077,.9006,.7194,.7836,.6698,.7268,.6377,.8711,1.0936,.8661,.6710,.8873,1.4562,1.1470,.9679,1.0510,1.3744,1.1316,.9815,1.1313,1.2207,1.2506,1.0697,1.2941,1.0789,.9669,.7947,1.1230
2004-05-31,.1359,.0832,.4670,.5091,.1098,.0808,.1193,.3884,.4462,.1543,.0674,.5275,.0252,.5061,.5076,.1839,.0748,.4938,.5831,.4180,.4383,.1463,.6853,.7964,.7058,.4836,.4160,.3509,.5639,.4043,.3122,.3118,.4877,.1262,.3842,.3079,.3253,.3305,.0864,.4528,.3661,.4377,.2851,.3930,.2880,.4048,.5175,.3956,.2794,.3851,.5362,.4590,.3793,.4156,.5532,.4268,.3392,.4195,.4651,.4590,.3795,.4668,.4376,.3872,.3258,.4188
2004-06-30,.6222,.1822,.7538,.9783,.5507,.1735,.4766,.6630,.9637,.6467,.0521,1.0900,.0168,1.2289,1.1210,.8119,.0602,1.0304,1.4391,1.0043,1.4159,.3568,1.2884,1.6844,1.1828,.8178,.6923,.6020,1.0579,.7126,.5370,.5421,.7725,.2981,.5956,.5251,.5468,.5948,.1695,.6948,.6320,.7350,.6320,.6818,.5885,.7199,.9996,.7378,.6082,.7481,1.0339,.8448,.7503,.7923,1.0895,.8823,.7992,.8911,1.0376,.9059,.8272,.8800,.9913,.7998,.7059,.8752
2004-07-31,.2210,.0782,.9191,1.2599,.1364,.0792,.1166,.6147,1.1884,.2441,.0446,1.2701,.0120,1.3179,1.3876,.3278,.0570,1.0179,1.4235,1.1580,1.0122,.1528,1.5086,1.5577,1.7656,1.8794,1.7429,1.4655,1.8387,1.4106,1.4841,1.4046,.9686,.2894,1.4839,1.5131,1.5283,.6133,.0849,1.8331,1.8689,2.4659,1.9829,2.1725,1.9269,2.2994,3.0242,2.4937,2.0814,2.5703,2.6366,2.4495,2.1672,2.3043,3.0455,2.4790,2.1057,2.4022,2.3484,2.3487,2.0370,2.3787,2.2680,2.1806,2.0026,2.3284
2004-08-31,.4816,.1446,.9105,1.6210,.4274,.1576,.3400,.6547,1.2454,.5409,.0752,1.2408,.1925,1.4965,1.6601,1.3755,.2381,1.2069,1.7426,1.4617,2.0504,.7049,1.6958,2.8239,2.1474,2.4426,2.3094,2.0967,2.2041,1.9746,2.1045,2.0213,.9776,.3302,2.1953,2.1668,2.1720,.7862,.1437,2.6443,2.6064,2.9501,2.2582,2.4418,2.1235,2.3668,3.0397,2.6722,2.2864,2.5397,2.5218,2.3347,2.1245,2.2233,2.9232,2.3351,1.9699,2.2731,2.0527,2.0653,1.8538,2.1624,2.0940,2.0965,2.0332,2.1712
2004-09-30,.5763,.1353,1.1543,1.3950,.4073,.1259,.2879,1.0589,1.3015,.4405,.1482,1.3155,.2978,1.4975,1.2478,1.0204,.3728,1.3499,1.6737,1.2010,1.5739,.5927,1.6452,2.0177,1.6106,.9496,.7097,.6193,1.1983,.8403,.4694,.5341,1.1979,.3293,.8048,.4703,.5518,.9739,.1482,1.0335,.7023,.7586,.4910,.6693,.4649,.7438,1.1319,.7810,.4858,.7588,1.0527,.8811,.6734,.7721,1.2773,.8346,.5547,.7940,.7738,.8073,.5840,.8571,.7169,.6343,.4950,.7340
2004-10-31,.3364,.0808,.3417,.4746,.2668,.0631,.1379,.3123,.4052,.3798,.0419,.4260,.0397,.5100,.4220,.5298,.1100,.4547,.6144,.4403,.7166,.3802,.5676,.7727,.7318,.4248,.3500,.3017,.5288,.3635,.2795,.3059,.5476,.2000,.4225,.3058,.3374,.3823,.0732,.5079,.4010,.3852,.3079,.3265,.2716,.3340,.4952,.3816,.2921,.3530,.4197,.3531,.3043,.3280,.5447,.3735,.2882,.3582,.3496,.3324,.2856,.3428,.3371,.3054,.2787,.3242
2004-11-30,1.7292,.5074,1.6632,1.7868,1.7365,.3170,1.5651,1.6760,1.7282,1.7432,.2405,1.7915,.0839,1.8586,1.7333,1.9704,.3049,1.8242,1.9889,1.7454,2.5040,.8815,2.0676,2.3897,2.3414,1.6732,1.4767,1.4351,1.8627,1.5646,1.2658,1.3165,1.9740,.6799,1.5236,1.2512,1.3035,1.7179,.4929,1.5168,1.2707,1.2380,.9137,1.1363,.8855,1.0290,1.1192,.9982,.8350,.9344,1.1050,.9775,.8657,.9245,1.2636,.9039,.7169,.8641,.7705,.8698,.7324,.9541,.7188,.7994,.7949,.8083
2004-12-31,.3632,.1696,.3321,.3982,.3115,.1317,.2779,.3003,.3415,.3020,.1245,.3491,.0615,.3779,.3525,.3905,.1384,.3422,.4115,.3399,.5960,.3296,.4525,.5677,.5437,.2889,.2331,.2328,.4030,.2919,.1796,.2078,.4295,.2235,.2661,.1782,.1925,.3752,.1612,.2823,.2047,.2142,.1709,.1917,.1571,.1908,.2606,.2114,.1631,.1919,.2282,.1945,.1661,.1804,.3084,.2062,.1520,.1961,.1775,.1795,.1515,.1897,.1701,.1654,.1549,.1718
2005-01-31,.6222,.2875,.4487,.5173,.5034,.1876,.5220,.4161,.4456,.6006,.2135,.4631,.2519,.5598,.4088,.6920,.2508,.5489,.5967,.5620,.6147,.3286,.4087,.5185,.5771,.3331,.2903,.2978,.3999,.3315,.2290,.2569,.5944,.2533,.3835,.2245,.2407,.6834,.2854,.4396,.2504,.1646,.1237,.1406,.1015,.1238,.1739,.1377,.1049,.1229,.1556,.1247,.1065,.1158,.2069,.1330,.0974,.1257,.1132,.1147,.0969,.1215,.1083,.1053,.0988,.1097
2005-02-28,.1213,.1084,.0974,.1197,.0905,.0549,.0789,.0904,.1061,.0993,.0521,.1090,.0299,.1223,.1056,.1276,.0636,.1184,.1432,.1199,.1674,.1222,.1336,.1681,.1610,.1075,.0930,.0867,.1267,.0952,.0773,.0808,.1235,.0863,.0975,.0775,.0814,.1376,.1037,.1100,.0889,.0892,.0713,.0800,.0626,.0757,.1051,.0843,.0636,.0736,.0916,.0737,.0622,.0681,.1263,.0785,.0565,.0739,.0655,.0674,.0561,.0721,.0630,.0627,.0595,.0644
2005-03-31,.9732,.3618,.7812,.8442,.9568,.3256,.9009,.8223,.8400,1.0868,.3603,.7989,.7728,.9461,.8084,1.0501,.3587,.8936,.9488,.8648,.9338,.3666,.7823,.8320,.7022,.4393,.3874,.4081,.5876,.5177,.3665,.4107,.8230,.3043,.5227,.3835,.4143,.9194,.3399,.5824,.4253,.3795,.2177,.2532,.1966,.2241,.3182,.2819,.2188,.2253,.2925,.2175,.1945,.2061,.3113,.2261,.1793,.2185,.2408,.2365,.2014,.2469,.2100,.2167,.2118,.2155
2005-04-30,.4879,.1913,.2976,.3582,.4548,.1550,.4362,.3399,.3559,.5038,.0669,.3155,.0573,.4127,.3278,.5126,.0743,.4169,.4372,.3989,.4371,.2102,.2941,.3353,.2879,.1292,.1111,.1022,.2163,.1078,.0844,.0854,.3647,.1658,.1103,.0890,.0927,.4971,.2146,.2364,.1459,.1579,.1635,.1539,.1389,.1713,.2175,.1586,.1292,.1769,.3221,.1932,.1711,.1824,.2238,.1719,.1515,.1718,.2003,.1822,.1551,.2125,.1833,.1558,.1404,.1724
2005-05-31,1.7378,.3160,2.1563,2.4046,1.1998,.2058,.9223,2.1057,2.6834,.9221,.0510,2.5612,.0463,2.6676,2.7239,1.1054,.0556,2.7254,2.7429,2.6378,2.6052,.5139,3.0245,3.0794,2.5229,1.5677,1.2753,1.1866,2.2020,1.5787,.9987,1.1001,2.1270,.6414,1.3470,.9708,1.0579,1.8233,.4294,1.5379,1.0945,1.2571,1.1342,1.2216,1.0473,1.3744,1.8009,1.3606,1.1040,1.4261,1.8637,1.6078,1.3854,1.4885,1.7937,1.4547,1.2665,1.4399,1.6769,1.6019,1.3779,1.6210,1.5375,1.3220,1.1435,1.4588
2005-06-30,.9413,.2099,5.3802,3.9469,.4928,.1585,.4747,3.8706,4.1210,.5758,.0352,6.0549,.0328,4.0347,5.9746,.7028,.0381,6.5540,4.0977,5.8966,2.9239,.3073,6.8926,4.0463,5.4967,3.3644,2.7792,2.7412,4.4506,3.6786,2.1818,2.4550,4.7666,.7613,2.9335,2.0541,2.2680,3.2019,.1984,2.8458,2.0493,2.2119,1.5635,2.0326,1.6486,2.2719,2.7158,2.0121,1.5171,2.0857,2.7620,2.5546,2.0894,2.3081,2.5692,2.0743,1.7874,2.0608,2.4352,2.5209,2.0060,2.5742,2.0762,1.9458,1.6875,2.1383
2005-07-31,2.0065,.1363,1.0072,3.1201,.8476,.0892,.2262,1.7367,3.0942,.1929,.0252,1.3381,.0239,3.5064,1.3836,.2260,.0272,1.3424,3.9933,1.1930,3.1680,.2485,1.8063,4.4290,1.8324,1.4011,1.2200,1.0470,1.4977,1.0874,.9293,.9223,.8961,.9522,.9724,.8976,.9272,1.2614,.3171,1.1525,1.1057,1.4668,1.2823,1.4590,1.2778,1.5778,1.8519,1.5055,1.2522,1.5790,1.8532,1.7202,1.4958,1.6056,1.7639,1.4598,1.2571,1.4236,1.6351,1.6109,1.4207,1.6510,1.4356,1.3828,1.2644,1.4801
2005-08-31,3.0684,.3985,4.8990,4.6630,2.3275,.2697,1.4294,4.4390,4.8958,1.0878,.0170,5.7901,.0164,6.6946,5.7945,1.7484,.0184,5.6513,6.4898,5.4655,6.4587,.9084,6.0572,7.1827,5.3775,4.1666,3.5657,3.4361,5.0710,4.1063,2.8785,3.0505,3.4613,1.2242,3.4403,2.7419,2.8870,2.8133,.4838,3.6038,2.9035,3.4671,3.2995,3.5965,3.2905,4.1257,4.8266,3.8386,3.2620,3.9505,4.6236,4.4847,3.7939,4.1397,4.5957,3.6702,2.9962,3.5224,3.7369,3.9972,3.3253,4.2058,3.2397,3.3115,3.0300,3.5961
2005-09-30,1.3828,.3886,1.6187,3.1231,1.3283,.3567,1.3036,1.5865,2.7446,2.3449,.0110,1.7639,.0107,3.2482,1.7163,3.2233,.0119,2.1754,4.5060,1.7980,3.0485,1.1956,2.7667,4.6135,2.6493,1.4440,1.3203,1.2180,1.7884,1.3420,1.1576,1.1436,1.7134,.7768,1.2846,1.1787,1.1844,1.6013,.3468,1.5130,1.3683,1.3730,1.0090,1.0829,.8864,1.0350,1.5505,1.1987,.9684,1.0728,1.2818,1.0640,.9455,.9934,1.5236,1.0673,.8860,1.0369,1.0917,.9966,.8862,1.0043,.9827,.9313,.8787,.9748
2005-10-31,.8300,.3186,1.0377,1.3493,.6417,.4392,.6667,.9064,1.1713,1.9482,.2226,1.1424,.0073,1.4880,1.0794,3.1783,.2902,1.1244,1.6416,1.0029,1.5273,1.2615,1.4642,1.9954,1.6717,1.1779,1.0576,.9093,1.3715,.9808,.9124,.8632,1.3551,.5931,1.0530,.9713,.9951,.9865,.3020,1.1704,1.1205,1.1575,.5918,.8164,.5419,.6971,.9931,.8050,.5787,.6735,.8844,.6729,.5434,.6054,1.0479,.6865,.4735,.6472,.5990,.5972,.4629,.6597,.5208,.5821,.5529,.5893
2005-11-30,.6136,.1752,.6683,.8906,.5754,.1930,.4576,.6892,.8643,.7152,.5827,.7755,2.0964,1.0768,.7383,.9018,.9915,.8419,1.2098,.7693,1.2171,.6162,.9662,1.3449,1.0197,.5432,.4409,.4119,.7258,.5171,.3239,.3659,.7102,.4247,.4320,.3099,.3321,.5517,.1733,.4274,.3374,.3661,.3121,.3546,.2933,.3789,.4832,.3758,.2951,.3514,.5244,.4170,.3436,.3808,.5357,.3669,.2847,.3545,.4371,.4226,.3472,.4398,.3611,.3192,.2869,.3479
2005-12-31,.2811,.1162,.3410,.4824,.2279,.1145,.1792,.3303,.4493,.2809,.1074,.3924,.1270,.5722,.3756,.4147,.1722,.4282,.6620,.3947,.5643,.3569,.4956,.7090,.4945,.3103,.2651,.2418,.3934,.2880,.2139,.2230,.3652,.2451,.2588,.2096,.2208,.3079,.1217,.2774,.2298,.2458,.2076,.2327,.1943,.2470,.3237,.2521,.1959,.2330,.3045,.2626,.2213,.2419,.3641,.2466,.1883,.2356,.2436,.2434,.2045,.2544,.2097,.2062,.1900,.2196
2006-01-31,.2450,.1173,.2166,.3139,.1611,.0856,.1405,.2082,.2837,.2695,.1299,.2518,.2420,.4022,.2351,.3155,.1649,.2749,.4372,.2497,.3598,.2290,.3122,.4476,.3123,.1929,.1646,.1515,.2482,.1808,.1340,.1398,.2979,.1834,.1751,.1325,.1401,.3397,.1449,.2179,.1486,.1543,.1286,.1443,.1209,.1533,.2034,.1585,.1226,.1458,.1901,.1632,.1371,.1501,.2307,.1538,.1164,.1468,.1517,.1514,.1268,.1584,.1302,.1277,.1175,.1362
2006-02-28,.3000,.1447,.2457,.2960,.2812,.1247,.2316,.2622,.3124,.3531,.1415,.3189,.1929,.4233,.3096,.3779,.1569,.3482,.4214,.3466,.4109,.2060,.3265,.4061,.3864,.1996,.1343,.1825,.2458,.2090,.0851,.1416,.2458,.1376,.1217,.0799,.0861,.2591,.1345,.1253,.0890,.0891,.0757,.0860,.0705,.0902,.1176,.0916,.0708,.0842,.1098,.0949,.0791,.0872,.1350,.0892,.0672,.0851,.0876,.0879,.0732,.0922,.0752,.0737,.0678,.0786
2006-03-31,.1850,.0943,.1605,.2133,.1672,.0886,.1627,.1680,.1985,.2284,.1026,.2036,.0646,.2816,.1933,.2711,.1166,.2209,.3116,.1787,.3416,.1730,.2733,.3383,.2339,.0930,.0771,.0721,.1698,.0909,.0579,.0668,.1606,.0987,.0754,.0552,.0600,.1554,.0898,.0811,.0629,.0633,.0533,.0601,.0499,.0635,.0834,.0651,.0503,.0598,.0780,.0672,.0562,.0618,.0955,.0632,.0477,.0603,.0622,.0623,.0520,.0653,.0534,.0523,.0481,.0559
2006-04-30,.3846,.1048,.3363,.3709,.3475,.1049,.1994,.3575,.3876,.5676,.1774,.3899,.3244,.5156,.3937,.5598,.1752,.4635,.5692,.3935,.6526,.2385,.4551,.5661,.3661,.1370,.0857,.0703,.2528,.1554,.0435,.0696,.3294,.1403,.1322,.0457,.0695,.3775,.0986,.1904,.0809,.0666,.0356,.0420,.0325,.0444,.0944,.0459,.0331,.0418,.1127,.0477,.0383,.0431,.0914,.0429,.0316,.0410,.0966,.0561,.0387,.0510,.0605,.0375,.0330,.0404
2006-05-31,.9183,.2194,.7480,.8632,1.0078,.2630,.7294,1.0387,1.0361,1.2578,.0954,.8796,.0465,1.1960,.8467,1.4450,.1170,1.1207,1.3983,.8780,1.6535,.5544,1.1817,1.5002,.7908,.1761,.1064,.1346,.5985,.3089,.0452,.1289,.7149,.3094,.1832,.0403,.0502,.7042,.2010,.1551,.0417,.0816,.0612,.0881,.0460,.1614,.3155,.0817,.0297,.0821,.4147,.2984,.1838,.2346,.4242,.1873,.1059,.1730,.4615,.3963,.2730,.3610,.4335,.2193,.1190,.2479
2006-06-30,.8850,.2119,1.6786,1.7498,.7460,.1650,.6544,1.5057,1.7845,.7421,.0451,1.9295,.0318,2.1256,1.9453,1.3634,.0510,2.0548,2.3931,1.7896,2.7720,.5860,2.4412,2.8449,2.2553,1.5317,1.4227,1.3126,1.8302,1.4700,1.2129,1.2484,1.4991,.5293,1.3379,1.1843,1.2398,1.1445,.2180,1.4249,1.2904,1.5255,1.2929,1.3736,1.2808,1.4643,1.9347,1.5823,1.3491,1.5720,1.7783,1.5959,1.4565,1.5222,1.8204,1.5223,1.3817,1.5040,1.8804,1.7077,1.5324,1.6447,1.7758,1.5190,1.3645,1.5829
2006-07-31,1.5801,.2347,5.4661,4.4992,.9429,.1996,.5998,4.0842,4.3850,.6889,.0911,6.0290,.0233,4.5070,6.0241,.8975,.0856,5.7284,3.5431,5.5439,3.2637,.4446,6.8163,5.1674,6.4805,4.7193,4.1445,3.8793,5.7392,4.5999,3.4654,3.5665,4.5284,1.3562,4.1871,3.3987,3.6089,3.4735,.3224,4.4891,3.7488,4.2889,3.3774,3.8699,3.3781,4.1178,5.3477,4.3346,3.5356,4.3222,4.7350,4.5075,4.0062,4.2215,5.2688,4.4046,3.8363,4.3047,4.1225,4.1729,3.5833,4.2806,3.8563,3.7924,3.4797,4.1195
2006-08-31,2.3668,.2633,2.0578,4.1114,1.3865,.2212,.8565,2.5381,4.2176,1.2152,.0401,2.4325,.0160,4.7980,2.4441,1.3586,.0420,2.6727,5.3804,2.2698,4.5025,.5649,3.3473,5.8290,2.6488,1.6254,1.3614,1.2480,2.1746,1.5885,1.0337,1.1116,2.7686,1.0074,1.3705,.9952,1.0915,2.1557,.3530,1.4260,1.1108,1.3249,1.0231,1.1752,.9158,1.2817,1.8309,1.2859,.9484,1.3076,1.9469,1.4979,1.2296,1.3480,2.0040,1.3745,1.0709,1.3387,1.6549,1.4907,1.2186,1.5166,1.4679,1.2218,1.0522,1.3529
2006-09-30,.6488,.3100,.6684,1.1344,.8720,.3605,.8775,.7368,1.1308,1.5961,.0838,.8013,.0105,1.3479,.7397,2.3321,.0985,.8804,2.2270,.7424,1.6016,1.1240,1.0978,2.0321,.9866,.5470,.4773,.4456,.7962,.5380,.3914,.4104,.7678,.5490,.4757,.3810,.4055,.6762,.3180,.4995,.4132,.4691,.4116,.4364,.3770,.4742,.6784,.4950,.3918,.4804,.6443,.5257,.4554,.4880,.7244,.5120,.4235,.4965,.5904,.5176,.4436,.5214,.5414,.4469,.4013,.4794
2006-10-31,1.5657,.3410,1.6802,1.9066,1.0725,.3958,.9423,1.5775,1.7655,1.3973,.4494,1.8695,.0072,2.1167,1.7651,1.8218,.7724,1.8531,2.3348,1.6163,2.5469,.9162,2.3394,2.9376,2.5367,1.6262,1.4358,1.2849,1.9972,1.5157,1.1987,1.2225,2.0920,.7205,1.4916,1.2080,1.2954,1.5032,.3399,1.4170,1.2357,1.4115,.9041,1.1289,.8618,1.0876,1.4767,1.1983,.9210,1.1269,1.5346,1.2338,1.0887,1.1553,1.6738,1.3205,1.1101,1.3059,1.4568,1.3423,1.1983,1.3299,1.3546,1.2111,1.0751,1.2812
2006-11-30,.3152,.1273,.3816,.5136,.2415,.1319,.2019,.3669,.4969,.2930,.0871,.4334,.3872,.5805,.4073,.3994,.1350,.4545,.6722,.4082,.6291,.3456,.5602,.7687,.5720,.3431,.2982,.2749,.4505,.3288,.2447,.2548,.4533,.3113,.3002,.2400,.2565,.3641,.1401,.3052,.2550,.2903,.2343,.2616,.2180,.2772,.3897,.2979,.2286,.2798,.3781,.3084,.2659,.2862,.4547,.3182,.2539,.3083,.3407,.3093,.2674,.3122,.3086,.2685,.2407,.2878
2006-12-31,.4200,.1691,.3995,.5008,.3787,.1661,.3351,.3527,.4506,.4749,.1725,.4191,.0240,.5651,.4160,.4888,.1804,.4402,.6029,.4132,.6027,.3097,.4554,.6221,.5205,.2354,.2059,.1855,.3298,.2610,.1658,.1767,.4789,.2666,.2377,.1633,.1796,.3824,.1616,.2233,.1752,.1966,.1557,.1756,.1450,.1855,.2643,.2024,.1529,.1877,.2544,.2072,.1783,.1921,.3184,.2185,.1716,.2113,.2295,.2081,.1799,.2100,.2084,.1812,.1619,.1945
2007-01-31,.2631,.2053,.1762,.2436,.1841,.1387,.1823,.1703,.2254,.2427,.1454,.2003,.1210,.2805,.1816,.2120,.1232,.2050,.3034,.1831,.2856,.1664,.2457,.3395,.2495,.1490,.1305,.1186,.1975,.1450,.1061,.1113,.2280,.1507,.1349,.1043,.1124,.3242,.2199,.1451,.1153,.1256,.0981,.1111,.0913,.1166,.1679,.1287,.0968,.1184,.1599,.1304,.1122,.1209,.2041,.1386,.1083,.1339,.1445,.1311,.1133,.1324,.1314,.1144,.1025,.1227
2007-02-28,.7295,.3208,.4826,.5687,.6616,.2666,.6250,.4994,.5500,.7463,.2270,.5391,.1569,.6795,.4865,.7746,.2427,.5505,.6628,.4751,.8215,.3272,.5914,.7569,.6817,.3526,.2621,.2483,.4498,.3217,.1426,.1685,.6377,.2691,.2680,.1304,.1484,.6834,.3087,.2944,.1595,.1436,.1116,.1854,.0987,.1871,.2203,.1318,.0856,.1176,.2780,.2010,.1376,.1686,.2451,.1029,.0713,.1001,.2132,.1986,.1560,.2098,.1534,.1080,.0822,.1194
2007-03-31,.1145,.0784,.1048,.1296,.0942,.0685,.0851,.0986,.1220,.1102,.0619,.1139,.0251,.1446,.1048,.1256,.0678,.1167,.1591,.1056,.1630,.1052,.1352,.1791,.2597,.2740,.2817,.2679,.2452,.2250,.2936,.2786,.2424,.1183,.3098,.3152,.3174,.1765,.0839,.3476,.3611,.4099,.2304,.2837,.2164,.2551,.3025,.2897,.2209,.2117,.2783,.1997,.1448,.1757,.2476,.1076,.0525,.0777,.1172,.1668,.1114,.2203,.0752,.1276,.1500,.1021
2007-04-30,.1394,.0865,.0762,.0966,.1447,.0762,.1061,.0701,.0862,.2482,.0906,.0819,.0488,.1317,.0706,.3252,.1131,.0844,.1541,.0679,.3662,.2047,.1098,.2589,.2323,.0714,.0633,.0590,.1125,.0664,.0522,.0547,.2725,.1383,.0688,.0525,.0559,.1291,.0751,.0747,.0595,.0633,.0469,.0553,.0438,.0554,.1076,.0583,.0448,.0508,.0691,.0557,.0461,.0509,.1312,.0497,.0349,.0461,.0534,.0531,.0443,.0569,.0616,.0442,.0417,.0452
2007-05-31,.3381,.0974,.3608,.3088,.2063,.0608,.1785,.3360,.3285,.2673,.0422,.4283,.0163,.3979,.4074,.3460,.0514,.4799,.4660,.4001,.4436,.1600,.4706,.3572,.3940,.1791,.1443,.1375,.3298,.2089,.1086,.1261,.3228,.1450,.2094,.1117,.1331,.3331,.0899,.2818,.1530,.0855,.0888,.0812,.0637,.0993,.1355,.0881,.0602,.0613,.1448,.1071,.0864,.0977,.1519,.0852,.0631,.0840,.1619,.1575,.1068,.1536,.1820,.0997,.0762,.1037
2007-06-30,.1656,.0392,3.1558,.3698,.0491,.0285,.0425,.5171,.5327,.0645,.0254,3.4230,.0096,.5229,3.5596,.0789,.0318,3.5203,.5910,3.5208,.2619,.0683,3.8852,.6601,3.4115,2.6350,2.4514,2.3994,3.2146,2.7782,2.2694,2.3671,.3988,.1135,2.6745,2.2737,2.3959,.4090,.0376,2.9072,2.5025,2.4724,2.0163,2.1289,1.9578,2.1644,2.6926,2.3251,2.0399,2.2469,2.0188,2.1071,1.9149,1.9979,2.3123,1.9448,1.7258,1.8750,1.4504,1.5922,1.3501,1.7478,1.4882,1.6934,1.7054,1.7438
2007-07-31,.7504,.1122,1.4901,1.2021,.5544,.0893,.2591,1.5867,1.4889,.4076,.0184,2.0662,.0069,1.1785,2.2871,.5110,.0235,2.2228,1.1731,2.2440,1.2673,.2032,2.6376,1.5456,2.1318,1.2293,.9836,.9668,1.7772,1.2990,.6685,.7328,1.8922,.4931,.9092,.6082,.6477,1.5953,.1607,.8875,.5497,.4526,.5914,.7201,.5921,.9366,.9305,.5157,.3531,.5603,1.1790,1.0618,.7796,.9124,.8544,.5000,.3546,.4797,.7569,.8604,.5868,.9770,.5498,.5108,.4363,.5738
2007-08-31,.5259,.0546,.7891,1.1645,.4179,.0460,.1035,.5665,1.6867,.1088,.0126,1.0339,.0047,1.2622,1.0789,.0936,.0165,.9959,1.5490,1.1028,1.2236,.0744,1.1955,1.8445,1.1555,.9448,.8822,.8209,1.1442,.8595,.7858,.7769,.4862,.2252,.8685,.7999,.8083,.5029,.0691,.9884,.9183,.8640,.5987,.7077,.5421,.6187,.7980,.6819,.5517,.5497,.5972,.5338,.4548,.4941,.7768,.5258,.4035,.4978,.4629,.4502,.3565,.4691,.5151,.4947,.4845,.4765
2007-09-30,.1670,.2060,.3473,4.2124,.2958,.2064,.4861,.2309,3.5042,1.1956,.2080,.4274,.0030,4.8206,.4265,3.8334,.4414,.5035,5.0051,.5180,3.0025,1.2634,.5945,4.6993,.7531,.4279,.3403,.2803,.5021,.3214,.2457,.2537,.2978,.1623,.3224,.2465,.2570,.2758,.1743,.4044,.3221,.3712,.2128,.2700,.1957,.2415,.3087,.2341,.1826,.2046,.2545,.2355,.1958,.2148,.2806,.1911,.1505,.1820,.1777,.1919,.1507,.2099,.1668,.1734,.1679,.1752
2007-10-31,.1967,.0627,.2758,.5165,.1251,.0542,.0882,.1749,.4811,.1720,.0465,.3230,.0031,.5287,.3141,.4021,.1795,.3820,.5863,.3972,.6052,.3098,.5048,.7181,.5729,.2750,.2251,.2038,.3921,.2444,.1790,.1858,.3753,.1871,.2429,.1759,.1843,.2602,.0607,.2709,.1926,.1804,.1515,.1698,.1406,.1742,.2154,.1677,.1318,.1476,.1848,.1706,.1413,.1554,.2127,.1409,.1087,.1337,.1293,.1390,.1089,.1520,.1215,.1244,.1202,.1268
2007-11-30,.2094,.0588,.2782,.4586,.1750,.0517,.0629,.1978,.4161,.1979,.0404,.3045,.0021,.4570,.2782,.3996,.0904,.3086,.5004,.3089,.5232,.2593,.4157,.6086,.4928,.2943,.2494,.2203,.3848,.2810,.2067,.2216,.3727,.1682,.3007,.2171,.2378,.2569,.0576,.3142,.2432,.1903,.1014,.1168,.0918,.1122,.1541,.1127,.0861,.0950,.1199,.1086,.0894,.0989,.1465,.0924,.0684,.0870,.0814,.0878,.0685,.0965,.0772,.0811,.0792,.0812
2007-12-31,.1665,.1105,.1336,.2618,.1509,.0694,.1091,.1321,.2816,.2299,.1054,.1659,.0482,.3540,.1396,.2246,.0836,.2089,.3164,.2427,.2259,.1479,.2004,.3084,.1961,.1159,.0976,.0913,.1554,.1097,.0807,.0856,.1145,.0828,.1051,.0800,.0862,.1248,.0715,.1121,.0878,.0803,.0637,.0723,.0587,.0725,.0921,.0713,.0551,.0613,.0771,.0707,.0584,.0644,.0935,.0596,.0449,.0563,.0534,.0575,.0450,.0630,.0504,.0519,.0503,.0526
2008-01-31,.1073,.0830,.0806,.1603,.0608,.0472,.0620,.0590,.1521,.0826,.0519,.0956,.0122,.1759,.0874,.1338,.0639,.1122,.1891,.1205,.1447,.0950,.1266,.1955,.1252,.0736,.0616,.0578,.0997,.0703,.0512,.0551,.0978,.0703,.0714,.0513,.0558,.1666,.0874,.0857,.0579,.0503,.0402,.0451,.0366,.0453,.0573,.0444,.0344,.0383,.0482,.0443,.0366,.0403,.0587,.0373,.0281,.0353,.0335,.0360,.0282,.0394,.0316,.0324,.0314,.0329
2008-02-29,.2393,.1703,.1107,.1892,.2138,.1204,.1918,.1164,.1756,.3353,.1598,.1645,.2280,.3051,.1511,.3559,.1626,.2444,.3021,.2307,.2030,.1220,.1385,.1757,.1375,.0512,.0409,.0442,.0899,.0552,.0360,.0415,.1370,.0775,.0578,.0360,.0408,.2780,.1657,.0865,.0478,.0316,.0237,.0278,.0229,.0289,.0381,.0293,.0213,.0253,.0338,.0294,.0229,.0262,.0378,.0230,.0167,.0215,.0199,.0217,.0167,.0243,.0193,.0198,.0189,.0201
2008-03-31,.3938,.1679,.3744,.4035,.3767,.1483,.3449,.3129,.3536,.4315,.1596,.3602,.1644,.4102,.3462,.4834,.1772,.3696,.4177,.3600,.5302,.2112,.4139,.5019,.4843,.2937,.2514,.2379,.3597,.2821,.2057,.2285,.4521,.1749,.3258,.2079,.2338,.4399,.1708,.3708,.2637,.3465,.2725,.2999,.2595,.3369,.3977,.3098,.2469,.3101,.4311,.3542,.2843,.3215,.4178,.2720,.1956,.2545,.2522,.3191,.2297,.3700,.2163,.2372,.2240,.2604
2008-04-30,.2208,.0513,.2465,.2785,.2241,.0443,.0447,.2649,.2948,.1354,.0428,.2833,.0228,.3531,.2859,.3025,.0449,.3287,.3793,.2945,.3818,.1336,.3047,.3689,.3058,.1619,.1505,.1164,.2391,.1554,.1316,.1207,.2883,.0853,.1867,.1569,.1745,.2361,.0438,.3050,.2810,.3092,.2451,.2148,.2095,.2552,.3542,.2962,.2348,.2759,.4106,.3274,.3086,.3203,.4287,.3536,.3065,.3538,.3627,.3562,.3233,.3684,.3606,.3118,.2759,.3413
2008-05-31,2.2170,.3995,3.7368,3.2055,1.9402,.3411,1.3419,3.0824,3.0288,1.9127,.0326,4.3126,.0167,3.6987,4.2402,2.7618,.0339,4.5022,3.7920,4.0270,4.2231,1.4975,5.0907,5.0506,4.6714,3.0503,2.5021,2.2474,3.5989,2.8307,1.8621,2.0443,3.0953,1.0075,2.3541,1.7567,1.9423,2.3548,.3528,2.3349,1.8821,2.5511,2.1348,2.5627,2.2163,2.9364,3.5142,2.7539,2.1878,2.9485,3.6531,3.4131,2.9229,3.1476,3.4624,2.9909,2.6119,2.9610,3.2612,3.3259,2.8303,3.3814,2.8560,2.6973,2.3509,2.9748
2008-06-30,.7541,.0940,2.8786,3.7226,.1999,.0812,.1272,3.0404,4.0559,.2064,.0195,3.3613,.0106,3.8763,3.3255,.3345,.0209,3.3262,3.7737,3.1808,2.3706,.3967,3.7888,3.5093,3.3422,2.2636,1.9750,1.9120,2.8703,2.3521,1.6689,1.7960,2.9183,.7799,2.0196,1.6000,1.7262,2.1029,.0854,2.1102,1.7176,2.0013,1.7896,1.8918,1.7795,2.1023,2.6153,2.1144,1.8291,2.2222,2.3136,2.2401,1.9976,2.1063,2.3971,2.0359,1.8387,2.0030,1.8197,1.8630,1.5883,1.9739,1.7320,1.7572,1.6630,1.9170
2008-07-31,1.6126,.2598,1.7871,1.9047,1.3715,.1560,.5662,1.4620,1.9999,.7856,.0138,2.1695,.0074,2.5104,2.1141,1.3472,.0146,2.2609,3.3858,2.0229,2.5821,.7299,2.5497,3.5732,2.5300,1.6078,1.3565,1.2562,2.0592,1.5322,1.0763,1.1535,1.5091,.6561,1.3046,1.0321,1.1224,1.0390,.3365,1.3050,1.1027,1.5308,1.2760,1.4040,1.2149,1.5926,2.0604,1.5647,1.2487,1.6787,2.2873,1.8747,1.6012,1.7340,2.2141,1.7424,1.4864,1.7268,2.0386,1.9125,1.6653,1.9273,1.8480,1.5903,1.3834,1.7631
2008-08-31,1.2447,.1287,5.3192,4.7148,.3114,.0961,.1763,3.7960,5.4483,.2572,.0092,5.8561,.0049,5.1605,5.7893,.4049,.0097,5.8869,4.9642,5.7806,2.9205,.4054,6.2515,3.9491,5.8679,4.2071,3.7870,3.9489,5.1967,4.5770,3.4940,3.7351,3.7733,.9330,4.0832,3.3684,3.5280,2.9959,.1367,3.9877,3.2828,3.3134,3.1286,3.1953,2.9844,3.3651,4.0417,3.3742,3.0187,3.4103,3.7565,3.5255,3.2304,3.3612,3.8063,3.1994,2.9083,3.1367,3.2398,3.2018,2.8983,3.3204,3.0343,2.9877,2.8735,3.1230
2008-09-30,1.0470,.5154,.7819,2.5181,1.6348,.4428,1.8487,.6704,1.9845,2.4210,.0060,.8809,.0031,2.8098,.8399,3.7558,.0062,.9358,3.3344,.8764,1.9623,1.2277,1.0360,4.6687,1.2071,.7290,.6540,.5982,.9640,.6799,.5658,.5697,.7536,.4606,.6656,.5849,.5993,.5912,.5121,.8513,.7560,.8102,.6291,.6200,.5309,.6418,.9235,.7125,.5467,.6348,.8862,.6829,.5876,.6373,.9517,.6416,.5147,.6161,.6984,.6399,.5498,.6840,.6321,.5645,.5297,.5927
2008-10-31,.3737,.1532,.6171,.8883,.3026,.1697,.2267,.5311,.8805,.3341,.4708,.6937,.0021,.9932,.6581,.4915,.7130,.7370,1.0861,.6938,.8545,.4112,.8271,1.1752,.9456,.5389,.4685,.4564,.7395,.5375,.4009,.4270,.6198,.3742,.4782,.3865,.4102,.4898,.1630,.4849,.4040,.4468,.4279,.4244,.3773,.4561,.6249,.4728,.3840,.4561,.5902,.4916,.4319,.4609,.6631,.4712,.3929,.4587,.5013,.4598,.4055,.4760,.4579,.4067,.3788,.4325
2008-11-30,.2434,.1076,.3945,.5864,.2021,.0965,.1653,.3397,.5755,.2286,.0660,.4436,.4580,.6543,.4197,.3568,.1381,.4731,.7228,.4474,.4918,.2823,.5314,.7824,.5535,.3431,.2987,.2920,.4599,.3449,.2570,.2738,.3750,.2322,.3063,.2477,.2628,.3126,.1157,.3106,.2583,.2849,.2730,.2701,.2423,.2926,.3998,.3060,.2475,.2932,.3778,.3159,.2774,.2964,.4372,.3072,.2531,.2984,.3204,.2954,.2607,.3060,.2929,.2608,.2431,.2779
2008-12-31,.1735,.0982,.2601,.3894,.1377,.0683,.1126,.2249,.3812,.1629,.0646,.2925,.0338,.4343,.2761,.2441,.0904,.3124,.4805,.2960,.3261,.1893,.3487,.5193,.3636,.2253,.1960,.1923,.3005,.2267,.1693,.1807,.2487,.1536,.2016,.1631,.1729,.2177,.0944,.2067,.1706,.1879,.1798,.1779,.1598,.1929,.2642,.2027,.1633,.1932,.2488,.2082,.1828,.1954,.2932,.2039,.1670,.1978,.2109,.1946,.1718,.2016,.1929,.1719,.1602,.1832
2009-01-31,.3231,.1969,.2799,.3818,.2459,.1311,.2462,.2423,.3351,.5085,.2255,.3449,.6007,.5840,.3256,.5371,.2253,.5203,.6441,.4868,.3193,.1976,.2613,.3826,.2648,.1465,.1265,.1254,.2143,.1615,.1095,.1233,.3328,.1745,.1727,.1076,.1181,.3931,.2098,.1980,.1166,.1186,.1151,.1125,.1008,.1215,.1686,.1285,.1039,.1230,.1560,.1305,.1146,.1225,.1872,.1288,.1051,.1249,.1322,.1220,.1077,.1264,.1215,.1081,.1011,.1152
2009-02-28,.4904,.2391,.3488,.4139,.4025,.1793,.3693,.3340,.4082,.5356,.2104,.4452,.3478,.5887,.4438,.6259,.2336,.5321,.6000,.5203,.5300,.2446,.4217,.4904,.4564,.2013,.1671,.2030,.3182,.2405,.1411,.1594,.4192,.1911,.2085,.1311,.1363,.5068,.2371,.2010,.1049,.0765,.0679,.0725,.0602,.0718,.0992,.0759,.0599,.0705,.0901,.0754,.0662,.0707,.1081,.0744,.0606,.0719,.0764,.0705,.0622,.0730,.0699,.0640,.0604,.0667
2009-03-31,.1196,.0834,.1018,.1381,.1170,.0705,.0738,.1056,.1463,.1897,.0998,.1182,.1438,.1996,.1099,.2033,.1084,.1621,.2149,.1475,.1442,.1033,.1218,.1687,.1288,.0754,.0640,.0663,.1047,.0802,.0552,.0626,.1099,.0747,.0741,.0529,.0574,.1561,.0888,.0818,.0575,.0520,.0474,.0489,.0419,.0502,.0696,.0535,.0422,.0499,.0640,.0535,.0470,.0502,.0765,.0527,.0430,.0511,.0542,.0500,.0442,.0518,.0496,.0448,.0420,.0472
2009-04-30,.2052,.1083,.0762,.1574,.2358,.0958,.2115,.1819,.2182,.2644,.1094,.1002,.2307,.2265,.1005,.2396,.0998,.2099,.2507,.1816,.0891,.0684,.0809,.1078,.0765,.0426,.0364,.0373,.0606,.0456,.0311,.0344,.0646,.0498,.0410,.0298,.0319,.1775,.0938,.0505,.0329,.0305,.0286,.0289,.0253,.0305,.0420,.0322,.0257,.0304,.0390,.0327,.0287,.0306,.0467,.0321,.0262,.0311,.0331,.0305,.0269,.0316,.0303,.0272,.0254,.0288
2009-05-31,.9457,.2651,.8066,.8897,1.0511,.3109,.8171,1.0174,1.0466,1.1895,.2808,.9338,.1902,1.1272,.9510,1.2814,.3199,1.1244,1.2522,.9895,1.1536,.4316,1.0386,1.0588,.7013,.3125,.2501,.3273,.5691,.4688,.2196,.2927,.5863,.2168,.3473,.2135,.2368,.6171,.2110,.3261,.1842,.0219,.0468,.0261,.0249,.0315,.0299,.0234,.0194,.0211,.0713,.0443,.0333,.0364,.0326,.0221,.0186,.0214,.0320,.0278,.0227,.0318,.0241,.0208,.0206,.0218
2009-06-30,1.0637,.0775,2.6454,2.1680,.2816,.0718,.1232,2.0840,2.3139,.1503,.0662,3.2033,.0393,2.2992,3.2499,.2084,.0813,2.7915,2.4806,3.0403,2.5135,.2305,3.1703,3.1288,3.3190,2.4896,2.2860,2.1489,2.9927,2.4725,2.0405,2.0960,2.0663,.6382,2.3412,2.0334,2.1235,1.6180,.0845,2.5424,2.2476,2.5366,2.2513,2.3069,2.1765,2.4527,3.0057,2.5405,2.2387,2.5740,2.8781,2.6583,2.4649,2.5559,2.9244,2.5403,2.3466,2.5198,2.8563,2.6897,2.4921,2.6514,2.7808,2.4884,2.2994,2.5853
2009-07-31,.5454,.0636,1.0088,1.9759,.1207,.0639,.0880,1.0017,1.9186,.1195,.0579,1.0977,.0300,2.1912,1.3373,.1350,.0693,1.6377,2.3569,1.3719,1.6466,.1189,1.9623,2.3925,1.3515,1.1526,1.0446,1.0617,1.2162,1.1482,.9316,.9748,1.0660,.4146,1.0737,.9063,.9281,1.0250,.0618,1.1462,.9355,.8911,.8344,.8663,.7932,.8657,1.0195,.8760,.7817,.8293,.8382,.8107,.7370,.7721,.9181,.6867,.5748,.6500,.6965,.6472,.5497,.6966,.6192,.6212,.6395,.6245
2009-08-31,1.7449,.3552,2.5537,3.5235,1.6273,.3160,1.3133,2.0063,3.3911,1.2974,.1641,3.0773,.0212,3.8418,3.1476,1.2452,.0732,3.0253,3.9736,2.9896,3.6113,.5284,3.5984,4.3433,3.4192,2.4454,2.1862,2.0821,2.9838,2.4375,1.9585,2.0244,2.2320,.8171,2.2098,1.9435,2.0191,1.7846,.4163,2.3312,2.0750,2.3834,2.0982,2.2062,2.0536,2.3431,2.9023,2.4115,2.1079,2.4183,2.8460,2.5593,2.3361,2.4340,2.9690,2.5449,2.2905,2.5154,2.5567,2.4383,2.2595,2.4749,2.4656,2.2893,2.1459,2.4595
2009-09-30,.8218,.3117,2.4964,2.7837,.7821,.3916,.9316,2.4892,2.8402,1.4985,.1621,2.9473,.0142,3.3798,2.9180,3.0329,.0684,3.1526,3.6076,2.9874,1.9471,1.0756,3.2795,3.8513,3.1849,2.1985,1.9056,1.9458,2.5544,2.2177,1.5999,1.7139,2.1664,.6644,1.8713,1.5179,1.5570,1.7709,.2532,1.7674,1.4227,1.2787,1.0530,1.2943,1.0598,1.2352,1.1895,1.0453,.9047,.9612,1.2989,1.1933,1.0215,1.0986,1.2001,.9074,.7619,.8765,.9915,1.0580,.8794,1.1488,.8463,.8813,.8821,.8899
2009-10-31,.5934,.1503,.7296,.9462,.2687,.1477,.2401,.7036,.8939,.3766,.1693,.7988,.0116,.9914,.7915,.5343,.3459,.8396,1.0921,.8387,.9537,.4391,.9999,1.2157,1.0526,.6374,.5531,.5468,.7904,.6461,.4799,.5084,.7436,.3679,.5799,.4725,.4900,.6518,.1401,.5801,.4627,.4711,.4708,.4848,.4130,.4968,.5780,.4481,.3793,.4227,.6177,.4976,.4205,.4587,.6160,.4015,.3205,.3844,.4408,.4267,.3419,.4780,.3786,.3505,.3487,.3669
2009-11-30,.5204,.1923,.5086,.6869,.4050,.1572,.3513,.4776,.5997,.5351,.0936,.5816,.0113,.7269,.5055,.7139,.1404,.5730,.8101,.5012,1.0397,.4751,.8122,1.0950,.9399,.4827,.3742,.3072,.6319,.4179,.2671,.2808,.6822,.3715,.3995,.2681,.3028,.4973,.1764,.3882,.2909,.3372,.2351,.2703,.2222,.2596,.3291,.2633,.2163,.2389,.3078,.2643,.2332,.2491,.3866,.2551,.2068,.2456,.2676,.2477,.2204,.2562,.2416,.2221,.2128,.2287
2009-12-31,.2910,.1523,.3140,.4035,.2698,.1389,.2369,.2361,.3523,.2712,.1004,.2859,.0051,.3820,.2671,.2375,.0692,.3019,.4193,.2918,.3900,.2196,.3534,.4605,.4504,.2376,.2050,.1932,.3116,.2781,.1722,.2106,.3560,.2084,.2236,.1680,.1800,.2202,.0951,.2052,.1696,.1738,.1537,.1677,.1466,.1719,.2100,.1732,.1429,.1574,.2057,.1760,.1546,.1655,.2433,.1689,.1368,.1627,.1754,.1640,.1453,.1705,.1587,.1454,.1396,.1509
2010-01-31,.2246,.1468,.2303,.2812,.2421,.1282,.1848,.2470,.3183,.3584,.1626,.2846,.2120,.4055,.3065,.3237,.1267,.2904,.3661,.2892,.3271,.1743,.3150,.3621,.2728,.1493,.1278,.1214,.1984,.1626,.1078,.1169,.2132,.1478,.1331,.1055,.1135,.2064,.1351,.1314,.1086,.1092,.0965,.1053,.0921,.1081,.1320,.1090,.0897,.0988,.1294,.1106,.0971,.1040,.1547,.1064,.0859,.1024,.1093,.1028,.0909,.1071,.0992,.0911,.0875,.0946
2010-02-28,.1992,.1443,.1053,.1617,.1560,.1091,.1931,.1103,.1464,.2546,.1208,.1221,.1901,.2285,.1199,.2472,.1018,.1928,.2476,.1697,.1946,.1143,.1493,.1966,.1823,.0892,.0761,.0701,.1225,.0922,.0624,.0690,.1080,.0799,.0802,.0613,.0678,.1703,.1246,.0795,.0651,.0631,.0558,.0608,.0532,.0624,.0763,.0630,.0518,.0571,.0747,.0639,.0561,.0601,.0898,.0615,.0496,.0592,.0631,.0594,.0525,.0619,.0573,.0526,.0505,.0546
2010-03-31,.1107,.0806,.0722,.1017,.0822,.0606,.0784,.0687,.0943,.1333,.0663,.1204,.0958,.1768,.1509,.1674,.0691,.1720,.2075,.1622,.1638,.0950,.1288,.1596,.1074,.0610,.0524,.0498,.0800,.0614,.0442,.0475,.0714,.0495,.0540,.0432,.0459,.1615,.0836,.0641,.0473,.0448,.0396,.0432,.0378,.0443,.0542,.0447,.0368,.0405,.0531,.0454,.0398,.0427,.0639,.0437,.0353,.0420,.0448,.0422,.0373,.0439,.0407,.0374,.0359,.0388
2010-04-30,.2116,.0850,.1441,.1698,.1945,.0632,.1768,.1264,.1480,.1860,.0681,.1454,.0206,.1633,.1495,.2144,.0748,.1505,.1874,.1281,.2622,.1062,.1969,.2393,.2019,.0795,.0500,.0421,.1420,.0862,.0329,.0428,.2191,.0833,.1080,.0381,.0526,.2101,.0829,.1583,.0812,.0653,.0281,.0320,.0255,.0327,.0925,.0432,.0254,.0292,.0697,.0331,.0270,.0300,.1050,.0319,.0235,.0296,.0313,.0289,.0245,.0312,.0288,.0255,.0241,.0264
2010-05-31,.3339,.0550,.6242,.6290,.1259,.0289,.1003,.4681,.4797,.1597,.0468,.7298,.0288,.5986,.7214,.2230,.0685,.6294,.7517,.5442,1.0681,.1634,1.0155,1.2116,1.3220,1.0034,.9174,.8148,1.0388,.7426,.8005,.7623,.8326,.2528,.8196,.8160,.8039,.6395,.0447,1.0593,1.0234,1.0381,.9917,1.0828,.9737,1.2028,1.2088,1.0456,.9214,1.0375,1.5269,1.3652,1.1829,1.2751,1.2687,1.1086,1.0331,1.1102,1.1965,1.2369,1.0650,1.3177,1.1106,1.0371,.9561,1.1304
2010-06-30,.3834,.0436,2.0208,1.3968,.1024,.0181,.0472,1.4016,1.4366,.0505,.0237,2.4412,.0125,1.2432,2.5867,.0623,.0295,2.5443,1.2626,2.3826,.8259,.0671,3.0268,1.7514,2.9632,2.2492,1.9698,1.7925,2.4662,1.9844,1.6026,1.6122,1.7071,.3162,1.7792,1.5238,1.5942,1.1690,.0449,1.9227,1.7036,2.1976,1.9600,2.1923,1.9777,2.4058,2.7770,2.3233,2.0082,2.5101,2.7891,2.6454,2.3428,2.4887,2.7801,2.4521,2.1854,2.4320,2.4940,2.5314,2.2237,2.5663,2.4088,2.2648,2.0479,2.4600
2010-07-31,.5676,.0515,.7971,.9839,.4085,.0220,.1483,.5013,1.1573,.0767,.0173,1.1257,.0085,1.0106,1.5604,.2321,.0229,1.0244,1.0310,1.5788,.9538,.0790,1.3460,1.1719,1.5474,1.3305,1.1746,1.1612,1.5280,1.2518,1.0366,1.0696,.4858,.3333,1.1834,1.0134,1.0493,.4941,.0549,1.3206,1.1120,1.2530,1.1498,1.2098,1.1009,1.3150,1.6047,1.2893,1.1058,1.3049,1.5588,1.4138,1.2355,1.3222,1.6040,1.2815,1.0905,1.2603,1.3916,1.3521,1.1721,1.3606,1.3543,1.1983,1.0831,1.2564
2010-08-31,.1849,.0330,.3352,1.7894,.0845,.0238,.0530,.2198,1.5323,.0915,.0340,.3747,.0059,2.3478,.4017,1.1418,.0533,.4046,2.7530,.4680,1.8880,.4483,.5327,2.8302,.7623,.5291,.4705,.4044,.6105,.4167,.4261,.4124,.4156,.1998,.5038,.4505,.4640,.3806,.0356,.6076,.5560,.6829,.4302,.4735,.3847,.4549,.7281,.5769,.4361,.5273,.6107,.4642,.3981,.4312,.7657,.4890,.3554,.4530,.3909,.3968,.3408,.4444,.3989,.3989,.3861,.4166
2010-09-30,.2433,.0440,.4189,.5994,.1766,.0367,.1271,.2675,.4945,.1313,.0147,.5241,.0038,.5299,.5380,.2944,.0446,.4692,.6006,.5569,.6220,.2791,.6107,.8869,.9626,.9347,.9713,.8555,.9769,.7982,.9843,.9240,.4747,.1979,.9945,1.0765,1.0686,.3776,.0505,1.2294,1.3421,1.3147,.8709,.9005,.7676,.8126,1.1434,1.0813,.9202,.9050,.8938,.7570,.6848,.7207,1.1187,.8588,.6637,.8149,.6695,.6457,.5625,.6989,.7018,.7503,.7610,.7273
2010-10-31,.1517,.0390,.2061,.3371,.0917,.0165,.0834,.1352,.2814,.0856,.0093,.2519,.0026,.3324,.2617,.2382,.0226,.2609,.4090,.2860,.4750,.1370,.3740,.5593,.5697,.3380,.2808,.2416,.3798,.2531,.2124,.2118,.2958,.1509,.2647,.2137,.2192,.2063,.0260,.3172,.2488,.2846,.2730,.2992,.2492,.3284,.3729,.2862,.2250,.2865,.4947,.3734,.3173,.3458,.4618,.3413,.2820,.3380,.4507,.4186,.3660,.4193,.4193,.3275,.2823,.3475
2010-11-30,.8539,.2692,.9472,1.0252,.7861,.2469,.6963,.8606,.9455,.8657,.1206,1.0633,.0440,1.0714,1.0625,1.1123,.1643,1.0551,1.1936,1.0276,1.3939,.4800,1.2513,1.4383,1.4709,1.1520,1.0666,1.0354,1.2297,1.0395,.9410,.9404,1.0987,.3938,.9869,.9104,.9239,1.0318,.2672,1.0039,.9018,.8629,.6465,.7949,.6377,.6620,.7156,.6825,.6077,.5965,.4850,.4990,.4366,.4658,.6368,.4463,.3148,.4041,.2229,.2980,.2138,.3813,.2582,.3833,.4409,.3388
2010-12-31,.1675,.1384,.1243,.1824,.1164,.0793,.1175,.0964,.1585,.1760,.0816,.1437,.0399,.1965,.1431,.1466,.0466,.1491,.2186,.1592,.2337,.1399,.1897,.2646,.2621,.1700,.1524,.1389,.2018,.1419,.1322,.1308,.1915,.1355,.1480,.1324,.1366,.2024,.1253,.1670,.1499,.1531,.1210,.1358,.1150,.1331,.1685,.1465,.1188,.1305,.1497,.1305,.1134,.1221,.1944,.1331,.1004,.1262,.1143,.1158,.0990,.1236,.1127,.1120,.1084,.1131
